{
  "name": "IcollabAdmissions-Prod",
  "config": {
    "connector.class": "io.confluent.connect.jdbc.JdbcSourceConnector",
    "connection.url":"jdbc:hive2://hive.sys.cigna.com:25006/clin_dev;principal=hive/hive.sys.cigna.com@INTERNAL.CIGNA.COM?mapred.job.name=IcollabAdmissions;mapred.job.queue.name=root.g_hadoop_p_clin_dev_data_stream;mapreduce.map.java.opts=-Xmx2048m;mapreduce.reduce.java.opts=-Xmx2048m;mapreduce.job.map.memory.mb=8000;mapreduce.job.reduce.memory.mb=8000;mapreduce.map.cpu.vcores=2;mapreduce.reduce.cpu.vcores=2",
    "query":"SELECT  indiv_entpr_id as iborId, authzn_id as authCode, chnl_cd as channelCode, chnl_src_cd as medMgmtSys, admsn_dt as admittedDate, prim_diag_shrt_desc as dxDesc, src_prim_diag_cd as dxCode, admit_procedure_desc as admittedProcedure, location, state_code as stateCode, readmission, approved_length_of_stay as approvedLengthOfStay, actual_length_of_stay as actualLengthOfStay, admission_access_code as admissionAccessCode, admission_access_desc as admissionAccessDesc, bed_type as bedType, initial_report_date as initialReportDate, admitting_provider_fullname as admittingProviderFullname, inactive, discharge_date as dischargedDate, case_mngmnt_prog as caseManagementProgram, updated FROM clin_dev.icollab_admisn_census",
    "mode":"timestamp",
    "timestamp.column.name":"updated",
    "topic.prefix":"CisIcollabAdmissionsPROD",
    "poll.interval.ms":"3600000",
    "batch.max.rows":"1000",
    "connection.attempts":"5",
    "connection.backoff.ms":"60000",
    "timestamp.delay.interval.ms":"60000",
    "avro.compatibility.level": "none"
  }
}