{
  "name": "case-management-prod",
  "config": {
    "connector.class": "io.confluent.connect.jdbc.JdbcSourceConnector",
    "connection.url":"jdbc:hive2://hive.sys.cigna.com:25006/clin_dev;principal=hive/hive.sys.cigna.com@INTERNAL.CIGNA.COM?mapred.job.name=IcollabCaseManagement;mapred.job.queue.name=root.g_hadoop_p_clin_dev_data_stream;mapreduce.map.java.opts=-Xmx2048m;mapreduce.reduce.java.opts=-Xmx2048m;mapreduce.job.map.memory.mb=8000;mapreduce.job.reduce.memory.mb=8000;mapreduce.map.cpu.vcores=2;mapreduce.reduce.cpu.vcores=2",
    "query":"SELECT ibor_id as iborId, case_id as caseId, case_diagnostic_desc as caseDiagnosisDesc, case_manager_name as caseManagerName, case_closed_reason as caseClosedReason, case_closed_date as caseClosedDate, case_referral_date as caseReferralDate, channel_code as channelCode, identification_source as identificationSource, primary_diagnosis_desc as primaryDiagnosisDesc, inactive, updated_at from clin_dev.case_management",
    "mode":"timestamp",
    "timestamp.column.name":"updated_at",
    "topic.prefix":"CisIcollabCaseMgtPROD",
    "poll.interval.ms":"36000000",
    "batch.max.rows":"1000",
    "connection.attempts":"5",
    "connection.backoff.ms":"60000",
    "avro.compatibility.level": "none"
  }
}