{
  "name": "GapsPRD",
  "config": {
    "connector.class": "io.confluent.connect.jdbc.JdbcSourceConnector",
      "mode": "timestamp",
      "timestamp.column.name": "updated_at",
      "topic.prefix": "CisIcollabGapsPROD",
      "avro.compatibility.level": "none",
      "query": "SELECT ibor_id as iborId, condition, description, first_identified_date as firstIdentifiedDate, gap_id as gapId, gap_case as gapCase, gap_type as gapType, load_date as loadDate, score, inactive, ndc_id as ndcId, ndc_label as ndcLabel, updated_at FROM CLIN_DEV.icollab_gaps",
      "poll.interval.ms": "43200000",
      "connection.attempts": "5",
      "name": "GapsPRD",
      "batch.max.rows": "1000",
      "connection.url": "jdbc:hive2://hive.sys.cigna.com:25006/clin_dev;principal=hive/hive.sys.cigna.com@INTERNAL.CIGNA.COM?mapred.job.name=IcollabGaps;mapred.job.queue.name=root.g_hadoop_p_clin_dev_data_stream;mapreduce.map.java.opts=-Xmx2048m;mapreduce.reduce.java.opts=-Xmx2048m;mapreduce.job.map.memory.mb=8000;mapreduce.job.reduce.memory.mb=8000;mapreduce.map.cpu.vcores=2;mapreduce.reduce.cpu.vcores=2",
      "connection.backoff.ms": "60000"
  }
}
