{
  "name": "PatientAlignment-PRD",
  "config": {
    "connector.class": "io.confluent.connect.jdbc.JdbcSourceConnector",
    "connection.url":"jdbc:hive2://hive.sys.cigna.com:25006/clin_dev;principal=hive/hive.sys.cigna.com@INTERNAL.CIGNA.COM?mapred.job.name=IcollabPatientAlignment;mapred.job.queue.name=root.g_hadoop_p_clin_dev_data_stream;mapreduce.map.java.opts=-Xmx2048m;mapreduce.reduce.java.opts=-Xmx2048m;mapreduce.job.map.memory.mb=8000;mapreduce.job.reduce.memory.mb=8000;mapreduce.map.cpu.vcores=2;mapreduce.reduce.cpu.vcores=2",
    "query":"SELECT ibor_id as iborId, provider_id as providerId, alignment_method_code as alignmentMethodCode, ifp_indicator as ifpIndicator, inactive, updt_ts FROM CLIN_DEV.Patient_Alignment",
    "mode":"timestamp",
    "timestamp.column.name":"updt_ts",
    "topic.prefix":"CisIcollabPatAlignmentPROD",
    "poll.interval.ms":"600000",
    "batch.max.rows":"1000",
    "connection.attempts":"5",
    "connection.backoff.ms":"60000",
    "avro.compatibility.level": "none"
  }
}
