{
  "name": "IcollabPhoneNumber-Prod",
  "config": {
    "connector.class": "io.confluent.connect.jdbc.JdbcSourceConnector",
    "connection.url":"jdbc:hive2://hive.sys.cigna.com:25006/clin_dev;principal=hive/hive.sys.cigna.com@INTERNAL.CIGNA.COM?mapred.job.name=IcollabPhoneNumber;mapred.job.queue.name=root.g_hadoop_p_clin_dev_data_stream;mapreduce.map.java.opts=-Xmx2048m;mapreduce.reduce.java.opts=-Xmx2048m;mapreduce.job.map.memory.mb=8000;mapreduce.job.reduce.memory.mb=8000;mapreduce.map.cpu.vcores=2;mapreduce.reduce.cpu.vcores=2",
    "query":"SELECT ibor_id as iborId, phone_number as phoneNumber, inactive, updated_at  from clin_dev.patient_phone",
    "mode":"timestamp",
    "timestamp.column.name":"updated_at",
    "topic.prefix":"CisIcollabPhoneNumberPROD",
    "poll.interval.ms":"600000",
    "batch.max.rows":"1000",
    "connection.attempts":"5",
    "connection.backoff.ms":"60000",
    "timestamp.delay.interval.ms":"60000",
    "avro.compatibility.level": "none"
  }
}