{
  "name": "previse-PROD",
  "config": {
    "connector.class": "io.confluent.connect.jdbc.JdbcSourceConnector",
    "connection.url":"jdbc:hive2://hive.sys.cigna.com:25006/clin_dev;principal=hive/hive.sys.cigna.com@INTERNAL.CIGNA.COM?mapred.job.name=Icollab-Previses;mapred.job.queue.name=root.g_hadoop_p_clin_dev_data_stream;mapreduce.map.java.opts=-Xmx2048m;mapreduce.reduce.java.opts=-Xmx2048m;mapreduce.job.map.memory.mb=8000;mapreduce.job.reduce.memory.mb=8000;mapreduce.map.cpu.vcores=2;mapreduce.reduce.cpu.vcores=2",
    "query":"select iborid as iborId, ipht_yhfindicator as iphtYhfindicator, risk_score as riskScore, cignabehavioralhealtheligible as cignaBehavioralHealthEligible, rxbenefit as rxBenefit, healthadvisorprogramdescription as healthAdvisorProgramDescription, last_ov_date as lastOvDate, concat('{','\"', 'ttl_12mo_claims' ,'\"',':', '\"', nvl(ttl_12mo_claims,\"null\") ,'\"',',','\"', 'most_comm_diag1' ,'\"',':', '\"', nvl(most_comm_diag1,\"null\") ,'\"', ',','\"', 'diag1desc' ,'\"',':', '\"', nvl(diag1desc,\"null\"), '\"', ',','\"', 'most_comm_diag2' ,'\"',':', '\"', nvl(most_comm_diag2,\"null\"),'\"', ',','\"', 'diag2desc' ,'\"',':', '\"', nvl(diag2desc,\"null\"),'\"', ',','\"', 'ttl_12mo_rx' ,'\"',':', '\"', nvl(ttl_12mo_rx,\"null\"), '\"', ',','\"', 'num_office_visits' ,'\"',':', '\"', nvl(num_office_visits,\"null\"),'\"', ',','\"', 'num_er_visits' ,'\"',':', '\"', nvl(num_er_visits,\"null\"), '\"', ',','\"', 'numberofucvisitsinlast12months' ,'\"',':', '\"', nvl(numberofucvisitsinlast12months,\"null\"), '\"', ',','\"', 'lasturgentcarevisitdate' ,'\"',':', '\"', nvl(lasturgentcarevisitdate,\"null\"), '\"', ',','\"', 'ttl_ip_claims' ,'\"',':', '\"', nvl(ttl_ip_claims,\"null\"), '\"', ',','\"', 'ttl_oon_claims' ,'\"',':', '\"', nvl(ttl_oon_claims,\"null\"), '\"','}') as lastTwelveMonths, concat( '[','{ \"ndccode\":','\"' , ndc1,'\", \"ndcname\":','\"' , nvl(regexp_replace(ndcname1,'[\\\"]|[\\']',''),\"null\"),'\"},' ,'{ \"ndccode\":','\"' , ndc2,'\", \"ndcname\":','\"' , nvl(regexp_replace(ndcname2,'[\\\"]|[\\']',''),\"null\"),'\"},' ,'{ \"ndccode\":','\"' , ndc3,'\", \"ndcname\":','\"' , nvl(regexp_replace(ndcname3,'[\\\"]|[\\']',''),\"null\"),'\"},' ,'{ \"ndccode\":','\"' , ndc4,'\", \"ndcname\":','\"' , nvl(regexp_replace(ndcname4,'[\\\"]|[\\']',''),\"null\"),'\"},' ,'{ \"ndccode\":','\"' , ndc5,'\", \"ndcname\":','\"' , nvl(regexp_replace(ndcname5,'[\\\"]|[\\']',''),\"null\"),'\"},' ,'{ \"ndccode\":','\"' , ndc6,'\", \"ndcname\":','\"' , nvl(regexp_replace(ndcname6,'[\\\"]|[\\']',''),\"null\"),'\"},' ,'{ \"ndccode\":','\"' , ndc7,'\", \"ndcname\":','\"' , nvl(regexp_replace(ndcname7,'[\\\"]|[\\']',''),\"null\"),'\"},' ,'{ \"ndccode\":','\"' , ndc8,'\", \"ndcname\":','\"' , nvl(regexp_replace(ndcname8,'[\\\"]|[\\']',''),\"null\"),'\"},' ,'{ \"ndccode\":','\"' , ndc9,'\", \"ndcname\":','\"' , nvl(regexp_replace(ndcname9,'[\\\"]|[\\']',''),\"null\"),'\"},' ,'{ \"ndccode\":','\"' , ndc10,'\", \"ndcname\":','\"' , nvl(regexp_replace(ndcname9,'[\\\"]|[\\']',''),\"null\"),'\"},' ,'{ \"ndccode\":','\"' , ndc11,'\", \"ndcname\":','\"' , nvl(regexp_replace(ndcname11,'[\\\"]|[\\']',''),\"null\"),'\"},' ,'{ \"ndccode\":','\"' , ndc12,'\", \"ndcname\":','\"' , nvl(regexp_replace(ndcname12,'[\\\"]|[\\']',''),\"null\"),'\"}' ,']') as rx, concat('{','\"', 'idreason_ra14' ,'\"',':', '\"', nvl(idreason_ra14,\"null\"),'\"',',','\"', 'idreason_ra30' ,'\"',':', '\"', nvl(idreason_ra30,\"null\"),'\"',',','\"', 'idreason_3ad6' ,'\"',':', '\"', nvl(idreason_3ad6,\"null\"), '\"',',','\"', 'idreason_3er6' ,'\"',':', '\"', nvl(idreason_3er6,\"null\"),'\"',',','\"', 'diag2desc' ,'\"',':', '\"', nvl(diag2desc,\"null\"),'\"',',','\"', 'idreason_50k' ,'\"',':', '\"', nvl(idreason_50k,\"null\"), '\"','}') as trigger, inactive, curr_datetime from clin_dev.previse",
    "mode":"timestamp",
    "timestamp.column.name":"curr_datetime",
    "poll.interval.ms":"43200000",
    "batch.max.rows":"1000",
    "connection.attempts":"5",
    "connection.backoff.ms":"60000",
    "avro.compatibility.level": "none"
  }
}
