[
  {
    "payload": "{\"rowKey\":\"encounter#1122334455#NA#2018-12-14 09:57:33#undefined\",\"EID\":\"1122334455\",\"accountKey\":\"NA\",\"source\":\"cmt\",\"cmtCreatedDt\":\"NA\",\"createdDate\":\"2019-06-13T14:53:09.255Z\",\"lastUpdatedDate\":\"2019-06-13T14:53:09.255Z\",\"organization\":{\"name\":\"My Location\",\"cmtId\":\"12345\",\"npi\":\"1234567890\",\"tin\":\"\"},\"patient\":{\"cmtId\":\"028276a5-5657-48f4-89f6-f5a8b6c23fa1\",\"EID\":\"1122334455\",\"otherId\":\"\",\"active\":true,\"gender\":\"1\",\"dob\":\"1975-09-12\",\"deceased\":false,\"firstName\":\"JOHN\",\"lastName\":\"SMITH\",\"phone\":\"1234567890\",\"address\":{\"line1\":\"10831 MEADOW LN\",\"city\":\"PHILADELPHIA\",\"state\":\"PA\"}},\"encounter\":{\"cmtId\":\"56\",\"otherId\":\"10987654321\",\"status\":\"arrived\",\"text\":\"<div>Patient had an outpatient encounter at Providence Milwaukie Hospital</div>\",\"provider\":\"1234567890\",\"subject\":\"3\",\"classCode\":\"O\",\"classDesc\":\"outpatient\",\"startDate\":\"2018-12-14 09:57:33\",\"reason\":\"haha33\",\"diagnosisList\":\"Acute kidney failure, unspecified (HCC) | NKKK\",\"diag_1\":\"Acute kidney failure, unspecified (HCC)\",\"diag_2\":\"NKKK\"}}"
  }
]
