{
  "Tagging": {
    "TagSet": [
      {
        "Key": "DataSubjectArea",
        "Value": "clinical"
      },
      {
        "Key": "ComplianceDataCategory",
        "Value": "hipaa"
      },
      {
        "Key": "DataClassification",
        "Value": "proprietary"
      },
      {
        "Key": "BackupOwner",
        "Value": "Craig.Markowitz@Cigna.com"
      },
      {
        "Key": "AssetOwner",
        "Value": "matthew.ping@cigna.com"
      },
      {
        "Key": "AppName",
        "Value": "FHIR"
      },
      {
        "Key": "AsaqId",
        "Value": "924794"
      },
      {
        "Key": "CiId",
        "Value": "CI0008833043"
      },
      {
        "Key": "CostCenter",
        "Value": "10930308"
      }
    ]
  }
}

