<?xml version="1.0" encoding="UTF-8"?>

<!--Autogenerated by Cloudera Manager-->
<configuration>
  <property>
    <name>dfs.nameservices</name>
    <value>nameservice1</value>
  </property>
  <property>
    <name>dfs.client.failover.proxy.provider.nameservice1</name>
    <value>org.apache.hadoop.hdfs.server.namenode.ha.ConfiguredFailoverProxyProvider</value>
  </property>
  <property>
    <name>dfs.ha.automatic-failover.enabled.nameservice1</name>
    <value>true</value>
  </property>
  <property>
    <name>ha.zookeeper.quorum</name>
    <value>cilhbnmp1001.sys.cigna.com:2181,cilhbnmp1002.sys.cigna.com:2181,cilhbnmp1003.sys.cigna.com:2181</value>
  </property>
  <property>
    <name>dfs.ha.namenodes.nameservice1</name>
    <value>namenode986,namenode1012</value>
  </property>
  <property>
    <name>dfs.namenode.rpc-address.nameservice1.namenode986</name>
    <value>cilhbnmp1001.sys.cigna.com:8020</value>
  </property>
  <property>
    <name>dfs.namenode.servicerpc-address.nameservice1.namenode986</name>
    <value>cilhbnmp1001.sys.cigna.com:8022</value>
  </property>
  <property>
    <name>dfs.namenode.http-address.nameservice1.namenode986</name>
    <value>cilhbnmp1001.sys.cigna.com:50070</value>
  </property>
  <property>
    <name>dfs.namenode.https-address.nameservice1.namenode986</name>
    <value>cilhbnmp1001.sys.cigna.com:50470</value>
  </property>
  <property>
    <name>dfs.namenode.rpc-address.nameservice1.namenode1012</name>
    <value>cilhbnmp1002.sys.cigna.com:8020</value>
  </property>
  <property>
    <name>dfs.namenode.servicerpc-address.nameservice1.namenode1012</name>
    <value>cilhbnmp1002.sys.cigna.com:8022</value>
  </property>
  <property>
    <name>dfs.namenode.http-address.nameservice1.namenode1012</name>
    <value>cilhbnmp1002.sys.cigna.com:50070</value>
  </property>
  <property>
    <name>dfs.namenode.https-address.nameservice1.namenode1012</name>
    <value>cilhbnmp1002.sys.cigna.com:50470</value>
  </property>
  <property>
    <name>dfs.replication</name>
    <value>3</value>
  </property>
  <property>
    <name>dfs.blocksize</name>
    <value>134217728</value>
  </property>
  <property>
    <name>dfs.client.use.datanode.hostname</name>
    <value>false</value>
  </property>
  <property>
    <name>fs.permissions.umask-mode</name>
    <value>022</value>
  </property>
  <property>
    <name>dfs.namenode.acls.enabled</name>
    <value>false</value>
  </property>
  <property>
    <name>dfs.client.use.legacy.blockreader</name>
    <value>false</value>
  </property>
  <property>
    <name>dfs.client.read.shortcircuit</name>
    <value>false</value>
  </property>
  <property>
    <name>dfs.domain.socket.path</name>
    <value>/var/run/hdfs-sockets/dn</value>
  </property>
  <property>
    <name>dfs.client.read.shortcircuit.skip.checksum</name>
    <value>false</value>
  </property>
  <property>
    <name>dfs.client.domain.socket.data.traffic</name>
    <value>false</value>
  </property>
  <property>
    <name>dfs.datanode.hdfs-blocks-metadata.enabled</name>
    <value>true</value>
  </property>
  <property>
    <name>dfs.block.access.token.enable</name>
    <value>true</value>
  </property>
  <property>
    <name>dfs.namenode.kerberos.principal</name>
    <value>hdfs/_HOST@INTERNAL.CIGNA.COM</value>
  </property>
  <property>
    <name>dfs.namenode.kerberos.internal.spnego.principal</name>
    <value>HTTP/_HOST@INTERNAL.CIGNA.COM</value>
  </property>
  <property>
    <name>dfs.datanode.kerberos.principal</name>
    <value>hdfs/_HOST@INTERNAL.CIGNA.COM</value>
  </property>
</configuration>
