{
  "rowKey": "Encounter#dummy#NA#2018-12-14 09:57:33#undefined",
  "EID": "dummy",
  "AccountKey": "NA",
  "source": "cmt",
  "cmtCreatedDt": "NA",
  "createdDate": "1559056295415",
  "lastUpdatedDate": "1559056295415",
  "organization": {
    "resourceType": "Organization",
    "name": "My Location",
    "cmtId": "12345",
    "npi": "1234567890",
    "tin": ""
  },
  "patient": {
    "resourceType": "Patient",
    "cmtID": "028276a5-5657-48f4-89f6-f5a8b6c23fa1",
    "otherId": "",
    "active": true,
    "gender": "1",
    "dob": "1975-09-12",
    "deceased": false,
    "firstName": "JOHN",
    "lastName": "SMITH",
    "phone": "1234567890",
    "address": {
      "line": [
        "10831 MEADOW LN"
      ],
      "city": "PHILADELPHIA",
      "state": "PA",
      "postalCode": "19154"
    }
  },
  "encounter": {
    "resourceType": "Encounter",
    "cmtId": "56",
    "otherID": "10987654321",
    "status": "arrived",
    "text": "<div>Patient had an outpatient encounter at Providence Milwaukie Hospital</div>",
    "provider": "1234567890",
    "subject": "3",
    "classCode": "O",
    "classDesc": "outpatient",
    "startDate": "2018-12-14 09:57:33",
    "reason": "haha33",
    "diagnosisList": "Acute kidney failure, unspecified (HCC) | NKKK",
    "diag_1": "Acute kidney failure, unspecified (HCC)",
    "diag_2": "NKKK"
  }
}