<soapenv:Envelope xmlns:soapenv="http://schemas.xmlsoap.org/soap/envelope/" xmlns:soapenc="http://schemas.xmlsoap.org/soap/encoding/" xmlns:xsd="http://www.w3.org/2001/XMLSchema" xmlns:xsi="http://www.w3.org/2001/XMLSchema-instance">
   <soapenv:Header>
      <wsse:Security soapenv:mustUnderstand="1" xmlns:wsse="http://docs.oasis-open.org/wss/2004/01/oasis-200401-wss-wssecurity-secext-1.0.xsd" xmlns:wsu="http://docs.oasis-open.org/wss/2004/01/oasis-200401-wss-wssecurity-utility-1.0.xsd">
         <wsse:UsernameToken wsu:Id="UsernameToken-2741">
            <wsse:Username></wsse:Username>
            <wsse:Password Type="http://docs.oasis-open.org/wss/2004/01/oasis-200401-wss-username-token-profile-1.0#PasswordText"></wsse:Password>
         </wsse:UsernameToken>
      </wsse:Security>
      <ns5:requestHeader xmlns:ns5="http://www.cigna.com/utility/1/">
         <ns5:serviceReferenceId>5aa13054-868a-4585-898a-5f9eaa8fb365</ns5:serviceReferenceId>
         <ns5:functionalContext>
            <ns5:consumerName>TBD</ns5:consumerName>
            <ns5:userPrincipal>
               <ns5:userId>UNAUTHENTICATED</ns5:userId>
               <ns5:orgRole>UNAUTHENTICATED</ns5:orgRole>
               <ns5:appRole>UNAUTHENTICATED</ns5:appRole>
            </ns5:userPrincipal>
            <ns5:target>
               <ns5:serviceName>IndividualProfileAndCoverages</ns5:serviceName>
               <ns5:serviceOperation>retrieveIndividuals</ns5:serviceOperation>
            </ns5:target>
         </ns5:functionalContext>
      </ns5:requestHeader>
   </soapenv:Header>
   <soapenv:Body>
      <ns8:retrieveIndividuals xmlns:ns10="http://www.cigna.com/individual/profile/7/" xmlns:ns11="http://www.cigna.com/individual/coverage/21/" xmlns:ns12="http://www.cigna.com/individual/identifier/9/" xmlns:ns13="http://www.cigna.com/individual/identifier/12/" xmlns:ns14="http://www.cigna.com/common/address/1/" xmlns:ns15="http://www.cigna.com/individual/complianceindications/3/" xmlns:ns5="http://www.cigna.com/individual/retrieveindividuals/bi/7/" xmlns:ns6="http://www.cigna.com/utility/1/" xmlns:ns7="http://www.cigna.com/individual/shared/9/" xmlns:ns8="http://www.cigna.com/ecr/individual/location/individualprofilecoverages/7/" xmlns:ns9="http://www.cigna.com/individual/entity/16/">
         <ns5:retrieveIndividuals>
          <ns5:individualIdentifier xmlns:xsi="http://www.w3.org/2001/XMLSchema-instance" xsi:type="ns5:GetByEnterpriseIdsRequest">
	<ns5:getByEnterpriseIdsRequest xmlns:ns="http://www.cigna.com/individual/retrieveindividuals/bi/7/">
	<ns5:getByEnterpriseIdRequest>
	<ns5:enterpriseId></ns5:enterpriseId>
	</ns5:getByEnterpriseIdRequest>
	<ns5:view>AllMbrOcc</ns5:view>
	</ns5:getByEnterpriseIdsRequest>
            </ns5:individualIdentifier>
            <ns5:filterIndividuals>true</ns5:filterIndividuals>
            <ns5:includeAddress>false</ns5:includeAddress>
            <ns5:includeEmail>false</ns5:includeEmail>
            <ns5:includePhone>false</ns5:includePhone>
            <ns5:includeCoverageSummary>true</ns5:includeCoverageSummary>
            <ns5:filterCriteria>
               <ns5:coverageFilter>
                  <ns5:includeExternalClaimSystemIdentifier>false</ns5:includeExternalClaimSystemIdentifier>
                  <ns5:complianceIndicationsLevel>WPC</ns5:complianceIndicationsLevel>
                  <ns5:includeEmbeddedDetail>false</ns5:includeEmbeddedDetail>
                  <ns5:includeCOBObject>false</ns5:includeCOBObject>
                  <ns5:includeBranch>false</ns5:includeBranch>
                  <ns5:includeAlliance>false</ns5:includeAlliance>
                  <ns5:includeClaimSystemSupportingAttributes>false</ns5:includeClaimSystemSupportingAttributes>
                  <ns5:coveragesTypeCode>
                     <ns7:coverageType>MED</ns7:coverageType>
                  </ns5:coveragesTypeCode>
               </ns5:coverageFilter>
                  <ns5:eligibilityLocations>
                  <ns5:eligibilityLocation>CED</ns5:eligibilityLocation>
                  <ns5:eligibilityLocation>GWFC</ns5:eligibilityLocation>
                  <ns5:eligibilityLocation>PYSL</ns5:eligibilityLocation>
               </ns5:eligibilityLocations>
            </ns5:filterCriteria>
         </ns5:retrieveIndividuals>
      </ns8:retrieveIndividuals>
   </soapenv:Body>
</soapenv:Envelope>
